[
{
	ingredientPattern: "R",
	ingredients: {
		"R": { type: "block", code: "stoneroad2slab-*-free", name: "brick"},
	},
	width: 1,
	height: 1,
	output: { type: "block", code: "stoneroad2brickslab-{brick}-free", quantity: 1 }
},
{
	ingredientPattern: "R",
	ingredients: {
		"R": { type: "block", code: "stoneroad2brickslab-*-free", name: "brick"},
	},
	width: 1,
	height: 1,
	output: { type: "block", code: "stoneroad2circleslab-{brick}-free", quantity: 1 }
},
{
	ingredientPattern: "R",
	ingredients: {
		"R": { type: "block", code: "stoneroad2circleslab-*-free", name: "brick"},
	},
	width: 1,
	height: 1,
	output: { type: "block", code: "stoneroad2fishslab-{brick}-free", quantity: 1 }
},
{
	ingredientPattern: "R",
	ingredients: {
		"R": { type: "block", code: "stoneroad2fishslab-*-free", name: "brick"},
	},
	width: 1,
	height: 1,
	output: { type: "block", code: "stoneroad2squareslab-{brick}-free", quantity: 1 }
},
{
	ingredientPattern: "R",
	ingredients: {
		"R": { type: "block", code: "stoneroad2squareslab-*-free", name: "brick"},
	},
	width: 1,
	height: 1,
	output: { type: "block", code: "stoneroad2slab-{brick}-free", quantity: 1 }
}
]