[
{
	ingredientPattern: "R",
	ingredients: {
		"R": { type: "block", code: "stoneroad2-*-free", name: "brick"},
	},
	width: 1,
	height: 1,
	output: { type: "block", code: "stoneroad2brick-{brick}-free", quantity: 1 }
},
{
	ingredientPattern: "R",
	ingredients: {
		"R": { type: "block", code: "stoneroad2brick-*-free", name: "brick"},
	},
	width: 1,
	height: 1,
	output: { type: "block", code: "stoneroad2circle-{brick}-free", quantity: 1 }
},
{
	ingredientPattern: "R",
	ingredients: {
		"R": { type: "block", code: "stoneroad2circle-*-free", name: "brick"},
	},
	width: 1,
	height: 1,
	output: { type: "block", code: "stoneroad2fish-{brick}-free", quantity: 1 }
},
{
	ingredientPattern: "R",
	ingredients: {
		"R": { type: "block", code: "stoneroad2fish-*-free", name: "brick"},
	},
	width: 1,
	height: 1,
	output: { type: "block", code: "stoneroad2square-{brick}-free", quantity: 1 }
},
{
	ingredientPattern: "R",
	ingredients: {
		"R": { type: "block", code: "stoneroad2square-*-free", name: "brick"},
	},
	width: 1,
	height: 1,
	output: { type: "block", code: "stoneroad2-{brick}-free", quantity: 1 }
}
]