{
	"editor": {
		"collapsedPaths": "Root/Cube4,Root/Cube11,Root/Cube12,Root/Cube6,Root/Cube21,Root/Cube1/Cube3,Root/Cube18",
		"allAngles": false,
		"entityTextureMode": false
	},
	"textureWidth": 16,
	"textureHeight": 4,
	"textureSizes": {
		"snowcover": [16,16]
	},
	"textures": {
		"snowcover": "game:block/liquid/snow/normal1"
	},
	"elements": [
		{
			"name": "Cube1",
			"from": [ 0.0, 0.0, 0.0 ],
			"to": [ 16.0, 2.0, 4.0 ],
			"rotationOrigin": [ 8.0, 0.0, 8.0 ],
			"faces": {
				"north": { "texture": "#null", "uv": [ 0.0, 0.0, 16.0, 2.0 ], "rotation": 180 },
				"east": { "texture": "#null", "uv": [ 2.5, 0.0, 6.5, 2.0 ] },
				"west": { "texture": "#null", "uv": [ 2.5, 0.0, 6.5, 2.0 ] },
				"up": { "texture": "#null", "uv": [ 0.0, 0.0, 16.0, 4.0 ] },
				"down": { "texture": "#null", "uv": [ 0.0, 0.0, 16.0, 4.0 ], "rotation": 180 }
			},
			"children": [
				{
					"name": "Cube-snow2",
					"from": [ 0.0, 0.0, 4.0 ],
					"to": [ 16.0, 2.0, 16.0 ],
					"rotationOrigin": [ 0.0, 0.0, 4.0 ],
					"faces": {
						"east": { "texture": "#snowcover", "uv": [ 0.0, 0.0, 12.0, 2.0 ] },
						"south": { "texture": "#snowcover", "uv": [ 0.0, 0.0, 16.0, 2.0 ] },
						"west": { "texture": "#snowcover", "uv": [ 0.0, 0.0, 12.0, 2.0 ] },
						"up": { "texture": "#snowcover", "uv": [ 0.0, 0.0, 16.0, 12.0 ] },
						"down": { "texture": "#snowcover", "uv": [ 0.0, 0.0, 16.0, 12.0 ] }
					}
				},
				{
					"name": "Cube-snow",
					"from": [ 0.0, 2.0, 0.0 ],
					"to": [ 16.0, 4.0, 4.0 ],
					"rotationOrigin": [ 0.0, 2.0, 0.0 ],
					"faces": {
						"north": { "texture": "#snowcover", "uv": [ 0.0, 0.0, 16.0, 2.0 ] },
						"east": { "texture": "#snowcover", "uv": [ 0.0, 0.0, 4.0, 2.0 ] },
						"south": { "texture": "#snowcover", "uv": [ 0.0, 0.0, 16.0, 2.0 ] },
						"west": { "texture": "#snowcover", "uv": [ 0.0, 0.0, 4.0, 2.0 ] },
						"up": { "texture": "#snowcover", "uv": [ 0.0, 0.0, 16.0, 4.0 ] }
					}
				}
			]
		}
	]}