{
	"editor": {
		"collapsedPaths": "Root/Cube12/Cube13",
		"allAngles": false,
		"entityTextureMode": false
	},
	"textureWidth": 8,
	"textureHeight": 8,
	"textureSizes": {
		"snowcover": [16,16]
	},
	"textures": {
		"snowcover": "game:block/liquid/snow/normal1"
	},
	"elements": [
		{
			"name": "Cube12",
			"from": [ 0.0, 0.0, 0.0 ],
			"to": [ 3.0, 1.0, 2.0 ],
			"faces": {
				"down": { "texture": "#null", "uv": [ 0.0, 0.0, 3.0, 2.0 ] }
			},
			"children": [
				{
					"name": "Cube13",
					"from": [ 0.0, 1.0, 0.0 ],
					"to": [ 2.0, 2.0, 2.0 ],
					"rotationOrigin": [ 0.0, 1.0, 0.0 ],
					"faces": {
					},
					"children": [
						{
							"name": "Cube-snow2",
							"from": [ 2.0, 0.0, 0.0 ],
							"to": [ 3.0, 2.0, 2.0 ],
							"rotationOrigin": [ 2.0, 0.0, 0.0 ],
							"faces": {
								"north": { "texture": "#snowcover", "uv": [ 0.0, 0.0, 1.0, 2.0 ] },
								"east": { "texture": "#snowcover", "uv": [ 0.0, 0.0, 2.0, 2.0 ] },
								"south": { "texture": "#snowcover", "uv": [ 0.0, 0.0, 1.0, 2.0 ] },
								"up": { "texture": "#snowcover", "uv": [ 0.0, 0.0, 1.0, 2.0 ] }
							}
						}
					]
				},
				{
					"name": "Cube14",
					"from": [ 0.0, 0.0, 2.0 ],
					"to": [ 2.0, 1.0, 3.0 ],
					"rotationOrigin": [ 0.0, 0.0, 2.0 ],
					"faces": {
						"down": { "texture": "#null", "uv": [ 0.0, 0.0, 2.0, 1.0 ] }
					},
					"children": [
						{
							"name": "Cube-snow3",
							"from": [ 0.0, 2.0, 0.0 ],
							"to": [ 2.0, 3.0, 1.0 ],
							"rotationOrigin": [ 0.0, 2.0, 0.0 ],
							"faces": {
								"east": { "texture": "#snowcover", "uv": [ 0.0, 0.0, 1.0, 1.0 ] },
								"south": { "texture": "#snowcover", "uv": [ 0.0, 0.0, 2.0, 1.0 ] },
								"west": { "texture": "#snowcover", "uv": [ 0.0, 0.0, 1.0, 1.0 ] },
								"up": { "texture": "#snowcover", "uv": [ 0.0, 0.0, 2.0, 1.0 ] }
							}
						}
					]
				},
				{
					"name": "Cube-snow1",
					"from": [ 0.0, 2.0, 0.0 ],
					"to": [ 2.0, 4.0, 2.0 ],
					"rotationOrigin": [ 0.0, 2.0, 0.0 ],
					"faces": {
						"north": { "texture": "#snowcover", "uv": [ 0.0, 0.0, 2.0, 2.0 ] },
						"east": { "texture": "#snowcover", "uv": [ 0.0, 0.0, 2.0, 2.0 ] },
						"south": { "texture": "#snowcover", "uv": [ 0.0, 0.0, 2.0, 2.0 ] },
						"west": { "texture": "#snowcover", "uv": [ 0.0, 0.0, 2.0, 2.0 ] },
						"up": { "texture": "#snowcover", "uv": [ 0.0, 0.0, 2.0, 2.0 ] }
					}
				},
				{
					"name": "Cube-snow4",
					"from": [ 0.0, 0.0, 0.0 ],
					"to": [ 16.0, 2.0, 1.0 ],
					"faces": {
						"north": { "texture": "#snowcover", "uv": [ 0.0, 0.0, 16.0, 2.0 ] },
						"east": { "texture": "#snowcover", "uv": [ 0.0, 0.0, 1.0, 2.0 ] },
						"west": { "texture": "#snowcover", "uv": [ 0.0, 0.0, 1.0, 2.0 ] },
						"up": { "texture": "#snowcover", "uv": [ 0.0, 0.0, 16.0, 1.0 ] },
						"down": { "texture": "#snowcover", "uv": [ 0.0, 0.0, 16.0, 1.0 ] }
					},
					"children": [
						{
							"name": "Cube-snow6",
							"from": [ 3.0, 0.0, 1.0 ],
							"to": [ 16.0, 2.0, 16.0 ],
							"rotationOrigin": [ 3.0, 0.0, 1.0 ],
							"faces": {
								"east": { "texture": "#snowcover", "uv": [ 0.0, 0.0, 15.0, 2.0 ] },
								"south": { "texture": "#snowcover", "uv": [ 0.0, 0.0, 13.0, 2.0 ] },
								"up": { "texture": "#snowcover", "uv": [ 0.0, 0.0, 13.0, 15.0 ] },
								"down": { "texture": "#snowcover", "uv": [ 0.0, 0.0, 13.0, 15.0 ] }
							}
						},
						{
							"name": "Cube-snow7",
							"from": [ 2.0, 0.0, 2.0 ],
							"to": [ 3.0, 2.0, 3.0 ],
							"rotationOrigin": [ 2.0, 0.0, 2.0 ],
							"faces": {
								"up": { "texture": "#snowcover", "uv": [ 1.5, 3.0, 2.5, 4.0 ] },
								"down": { "texture": "#snowcover", "uv": [ 0.0, 0.0, 1.0, 1.0 ] }
							}
						},
						{
							"name": "Cube-snow8",
							"from": [ 1.0, 0.0, 3.0 ],
							"to": [ 3.0, 2.0, 16.0 ],
							"rotationOrigin": [ 1.0, 0.0, 3.0 ],
							"faces": {
								"south": { "texture": "#snowcover", "uv": [ 0.0, 0.0, 2.0, 2.0 ] },
								"up": { "texture": "#snowcover", "uv": [ 0.0, 0.0, 2.0, 13.0 ] },
								"down": { "texture": "#snowcover", "uv": [ 0.0, 0.0, 2.0, 13.0 ] }
							}
						},
						{
							"name": "Cube-snow5",
							"from": [ 0.0, 0.0, 1.0 ],
							"to": [ 1.0, 2.0, 16.0 ],
							"rotationOrigin": [ 0.0, 0.0, 1.0 ],
							"faces": {
								"south": { "texture": "#snowcover", "uv": [ 0.0, 0.0, 1.0, 2.0 ] },
								"west": { "texture": "#snowcover", "uv": [ 0.0, 0.0, 15.0, 2.0 ] },
								"up": { "texture": "#snowcover", "uv": [ 0.0, 0.0, 1.0, 15.0 ] },
								"down": { "texture": "#snowcover", "uv": [ 0.0, 0.0, 1.0, 15.0 ] }
							}
						}
					]
				}
			]
		}
	]}