﻿{
	"editor": {
		"allAngles": false,
		"entityTextureMode": false
	},
	"textureWidth": 16,
	"textureHeight": 16,
	"textures": {
		"snowcover": "game:block/liquid/snow/normal1"
	},
	"elements": [
		{
			"name": "Cube",
			"from": [ 0.0, 0.0, 0.0 ], 
			"to": [ 16.0, 15.0, 16.0 ], 
			"faces": {
				"north": { "texture": "#roadhor", "uv": [ 0.0, 1.0, 16.0, 16.0 ] },
				"east": { "texture": "#roadhor", "uv": [ 0.0, 1.0, 16.0, 16.0 ] },
				"south": { "texture": "#roadhor", "uv": [ 0.0, 1.0, 16.0, 16.0 ] },
				"west": { "texture": "#roadhor", "uv": [ 0.0, 1.0, 16.0, 16.0 ] },
				"down": { "texture": "#roadver", "uv": [ 0.0, 0.0, 16.0, 16.0 ] }
			},
			"children": [
				{
					"name": "Cube-snow1",
					"from": [ 0.0, 15.0, 0.0 ],
					"to": [ 16.0, 17.0, 16.0 ],
					"rotationOrigin": [ 0.0, 15.0, 0.0 ],
					"faces": {
						"north": { "texture": "#snowcover", "uv": [ 0.0, 0.0, 16.0, 2.0 ] },
						"east": { "texture": "#snowcover", "uv": [ 0.0, 0.0, 16.0, 2.0 ] },
						"south": { "texture": "#snowcover", "uv": [ 0.0, 0.0, 16.0, 2.0 ] },
						"west": { "texture": "#snowcover", "uv": [ 0.0, 0.0, 16.0, 2.0 ] },
						"up": { "texture": "#snowcover", "uv": [ 0.0, 0.0, 16.0, 16.0 ] }
					}
				}
			]
		}
	]}